id,duration,time,unique_id,method,endpoint,params,class
1,0.2453633080003783,2026-06-15 20:41:17,3777f9af-616b-4f02-942d-e6fa9a1be1ee:e8d33642-0d31-470c-b64b-d81d0651e777,GET,/timeline,{'unique_id': '3777f9af-616b-4f02-942d-e6fa9a1be1ee:e8d33642-0d31-470c-b64b-d81d0651e777'},Request
2,0.10174271000141744,2026-06-15 20:41:18,4dc5df30-c37d-46e2-8f22-5fa81efed820:ef790add-ada6-44cb-9774-1c9ef4f1b882,GET,/timeline,{'unique_id': '4dc5df30-c37d-46e2-8f22-5fa81efed820:ef790add-ada6-44cb-9774-1c9ef4f1b882'},Request
3,0.1009323719990789,2026-06-15 20:41:18,576441a3-c2e0-40c7-994f-1eccbbe28e19:9d4f7322-333b-4c6e-a636-1fb374abf7d8,GET,/timeline,{'unique_id': '576441a3-c2e0-40c7-994f-1eccbbe28e19:9d4f7322-333b-4c6e-a636-1fb374abf7d8'},Request
4,0.10016478099714732,2026-06-15 20:41:18,63793c6b-7669-4125-b789-2f56a3aea9b4:3be511e7-c618-419c-886d-c9941a335f59,GET,/timeline,{'unique_id': '63793c6b-7669-4125-b789-2f56a3aea9b4:3be511e7-c618-419c-886d-c9941a335f59'},Request
5,0.09982858599687461,2026-06-15 20:41:18,7140b6bf-c395-46cf-a119-f9d23c9a782c:3eb19e2d-7080-4b47-9290-196c68e5f974,GET,/timeline,{'unique_id': '7140b6bf-c395-46cf-a119-f9d23c9a782c:3eb19e2d-7080-4b47-9290-196c68e5f974'},Request
6,0.10015492000093218,2026-06-15 20:41:18,bba77118-0968-4b9d-b727-37f3f4a250bb:3a1cab8b-70a5-451a-ac9d-98a0abd3d6c0,GET,/timeline,{'unique_id': 'bba77118-0968-4b9d-b727-37f3f4a250bb:3a1cab8b-70a5-451a-ac9d-98a0abd3d6c0'},Request
7,0.10191575399949215,2026-06-15 20:41:18,0f45217b-337b-4339-89dd-3d930e0e7981:12049ad3-9f87-4aff-a1af-c37595d6571f,GET,/timeline,{'unique_id': '0f45217b-337b-4339-89dd-3d930e0e7981:12049ad3-9f87-4aff-a1af-c37595d6571f'},Request
8,0.1004568130010739,2026-06-15 20:41:18,52a8f11f-3845-4e49-a624-46bcd45ceadd:a3a88aa4-238c-48b4-9100-9cf8172a7b82,GET,/timeline,{'unique_id': '52a8f11f-3845-4e49-a624-46bcd45ceadd:a3a88aa4-238c-48b4-9100-9cf8172a7b82'},Request
9,0.10589164800330764,2026-06-15 20:41:18,d9a561a8-db69-4b19-8e72-8303098ab6c6:d226e027-8600-4d22-86a3-b75422c392c2,GET,/timeline,{'unique_id': 'd9a561a8-db69-4b19-8e72-8303098ab6c6:d226e027-8600-4d22-86a3-b75422c392c2'},Request
10,0.1014920810048352,2026-06-15 20:41:19,42d1294e-7855-40aa-8949-39635d474203:1b3731a5-32d1-4fb1-96a0-8e64553c3b0a,GET,/timeline,{'unique_id': '42d1294e-7855-40aa-8949-39635d474203:1b3731a5-32d1-4fb1-96a0-8e64553c3b0a'},Request
11,0.1017681130033452,2026-06-15 20:41:19,eec280ba-b523-4ec1-a8eb-5c11cd6b9f56:2c396535-467f-42a7-9b2e-61592516f05e,GET,/timeline,{'unique_id': 'eec280ba-b523-4ec1-a8eb-5c11cd6b9f56:2c396535-467f-42a7-9b2e-61592516f05e'},Request
12,0.10674446200573584,2026-06-15 20:41:19,848a9f1c-ccce-4177-be1c-c638755f8ebc:171df9c7-3f12-4f98-8cad-ec67d4d4a216,GET,/timeline,{'unique_id': '848a9f1c-ccce-4177-be1c-c638755f8ebc:171df9c7-3f12-4f98-8cad-ec67d4d4a216'},Request
13,0.1004040330008138,2026-06-15 20:41:19,2d5dd963-2c2f-48aa-a1e0-d1409647c59b:51819a47-f2c4-4286-8211-98bd15230496,GET,/timeline,{'unique_id': '2d5dd963-2c2f-48aa-a1e0-d1409647c59b:51819a47-f2c4-4286-8211-98bd15230496'},Request
14,0.1002679109951714,2026-06-15 20:41:19,5f2886ef-3cc8-4a6a-ba07-7b19535978f8:307d3bef-308a-4400-8bd4-077cc0f20849,GET,/timeline,{'unique_id': '5f2886ef-3cc8-4a6a-ba07-7b19535978f8:307d3bef-308a-4400-8bd4-077cc0f20849'},Request
15,0.10564816500118468,2026-06-15 20:41:19,354f9b15-0090-4a4b-9bec-7de080ea2cd5:aa11e6b5-d31d-4aad-853c-766c07805027,GET,/timeline,{'unique_id': '354f9b15-0090-4a4b-9bec-7de080ea2cd5:aa11e6b5-d31d-4aad-853c-766c07805027'},Request
16,0.10191219000262208,2026-06-15 20:41:19,3f1a4db6-d94e-4eb2-816d-b0d7b6df0452:59367a99-bfde-4f70-b5e5-832ee9678f94,GET,/timeline,{'unique_id': '3f1a4db6-d94e-4eb2-816d-b0d7b6df0452:59367a99-bfde-4f70-b5e5-832ee9678f94'},Request
17,0.10163255700172158,2026-06-15 20:41:19,0ee30601-1a24-4579-8b61-6bae117ae725:480289ec-2845-4acc-aecd-ec3e14c79c41,GET,/timeline,{'unique_id': '0ee30601-1a24-4579-8b61-6bae117ae725:480289ec-2845-4acc-aecd-ec3e14c79c41'},Request
18,0.10238684900105,2026-06-15 20:41:20,be5b5df2-f14e-4f17-bd4f-0eff04d9466a:051131c6-6500-4adb-b2da-3af4c2660f7f,GET,/timeline,{'unique_id': 'be5b5df2-f14e-4f17-bd4f-0eff04d9466a:051131c6-6500-4adb-b2da-3af4c2660f7f'},Request
19,0.07402443899627542,2026-06-15 20:41:20,,POST,/response,{},Request
20,0.10736277899559354,2026-06-15 20:41:20,3777f9af-616b-4f02-942d-e6fa9a1be1ee:e8d33642-0d31-470c-b64b-d81d0651e777,GET,/timeline,{'unique_id': '3777f9af-616b-4f02-942d-e6fa9a1be1ee:e8d33642-0d31-470c-b64b-d81d0651e777'},Request
21,0.05135779799456941,2026-06-15 20:41:20,,POST,/response,{},Request
22,0.10765906800224911,2026-06-15 20:41:20,3777f9af-616b-4f02-942d-e6fa9a1be1ee:e8d33642-0d31-470c-b64b-d81d0651e777,GET,/timeline,{'unique_id': '3777f9af-616b-4f02-942d-e6fa9a1be1ee:e8d33642-0d31-470c-b64b-d81d0651e777'},Request
23,0.04704838799807476,2026-06-15 20:41:20,,POST,/response,{},Request
24,0.10712284599867417,2026-06-15 20:41:20,3777f9af-616b-4f02-942d-e6fa9a1be1ee:e8d33642-0d31-470c-b64b-d81d0651e777,GET,/timeline,{'unique_id': '3777f9af-616b-4f02-942d-e6fa9a1be1ee:e8d33642-0d31-470c-b64b-d81d0651e777'},Request
25,0.048837465001270175,2026-06-15 20:41:20,,POST,/response,{},Request
26,0.1097517429952859,2026-06-15 20:41:20,3777f9af-616b-4f02-942d-e6fa9a1be1ee:e8d33642-0d31-470c-b64b-d81d0651e777,GET,/timeline,{'unique_id': '3777f9af-616b-4f02-942d-e6fa9a1be1ee:e8d33642-0d31-470c-b64b-d81d0651e777'},Request
27,0.050016127999697346,2026-06-15 20:41:20,,POST,/response,{},Request
28,0.10795978100213688,2026-06-15 20:41:20,3777f9af-616b-4f02-942d-e6fa9a1be1ee:e8d33642-0d31-470c-b64b-d81d0651e777,GET,/timeline,{'unique_id': '3777f9af-616b-4f02-942d-e6fa9a1be1ee:e8d33642-0d31-470c-b64b-d81d0651e777'},Request
29,0.028583803999936208,2026-06-15 20:41:21,,POST,/response,{},Request
30,0.1023063690008712,2026-06-15 20:41:21,3777f9af-616b-4f02-942d-e6fa9a1be1ee:e8d33642-0d31-470c-b64b-d81d0651e777,GET,/timeline,{'unique_id': '3777f9af-616b-4f02-942d-e6fa9a1be1ee:e8d33642-0d31-470c-b64b-d81d0651e777'},Request
31,0.008788761995674577,2026-06-15 20:41:21,,POST,/response,{},Request
32,0.10888836000231095,2026-06-15 20:41:21,3777f9af-616b-4f02-942d-e6fa9a1be1ee:e8d33642-0d31-470c-b64b-d81d0651e777,GET,/timeline,{'unique_id': '3777f9af-616b-4f02-942d-e6fa9a1be1ee:e8d33642-0d31-470c-b64b-d81d0651e777'},Request
33,0.009117487999901641,2026-06-15 20:41:21,,POST,/response,{},Request
34,0.10208950199739775,2026-06-15 20:41:21,3777f9af-616b-4f02-942d-e6fa9a1be1ee:e8d33642-0d31-470c-b64b-d81d0651e777,GET,/timeline,{'unique_id': '3777f9af-616b-4f02-942d-e6fa9a1be1ee:e8d33642-0d31-470c-b64b-d81d0651e777'},Request
35,0.03326032200129703,2026-06-15 20:41:21,,POST,/response,{},Request
36,0.10743887400167296,2026-06-15 20:41:21,4dc5df30-c37d-46e2-8f22-5fa81efed820:ef790add-ada6-44cb-9774-1c9ef4f1b882,GET,/timeline,{'unique_id': '4dc5df30-c37d-46e2-8f22-5fa81efed820:ef790add-ada6-44cb-9774-1c9ef4f1b882'},Request
37,0.048530756001127884,2026-06-15 20:41:21,,POST,/response,{},Request
38,0.10600790999887977,2026-06-15 20:41:21,4dc5df30-c37d-46e2-8f22-5fa81efed820:ef790add-ada6-44cb-9774-1c9ef4f1b882,GET,/timeline,{'unique_id': '4dc5df30-c37d-46e2-8f22-5fa81efed820:ef790add-ada6-44cb-9774-1c9ef4f1b882'},Request
39,0.044973845993808936,2026-06-15 20:41:21,,POST,/response,{},Request
40,0.10711361200083047,2026-06-15 20:41:21,4dc5df30-c37d-46e2-8f22-5fa81efed820:ef790add-ada6-44cb-9774-1c9ef4f1b882,GET,/timeline,{'unique_id': '4dc5df30-c37d-46e2-8f22-5fa81efed820:ef790add-ada6-44cb-9774-1c9ef4f1b882'},Request
41,0.04624560500087682,2026-06-15 20:41:21,,POST,/response,{},Request
42,0.1060311629989883,2026-06-15 20:41:22,4dc5df30-c37d-46e2-8f22-5fa81efed820:ef790add-ada6-44cb-9774-1c9ef4f1b882,GET,/timeline,{'unique_id': '4dc5df30-c37d-46e2-8f22-5fa81efed820:ef790add-ada6-44cb-9774-1c9ef4f1b882'},Request
43,0.047884708998026326,2026-06-15 20:41:22,,POST,/response,{},Request
44,0.11179620299662929,2026-06-15 20:41:22,4dc5df30-c37d-46e2-8f22-5fa81efed820:ef790add-ada6-44cb-9774-1c9ef4f1b882,GET,/timeline,{'unique_id': '4dc5df30-c37d-46e2-8f22-5fa81efed820:ef790add-ada6-44cb-9774-1c9ef4f1b882'},Request
45,0.028000391997920815,2026-06-15 20:41:22,,POST,/response,{},Request
46,0.1010065510054119,2026-06-15 20:41:22,4dc5df30-c37d-46e2-8f22-5fa81efed820:ef790add-ada6-44cb-9774-1c9ef4f1b882,GET,/timeline,{'unique_id': '4dc5df30-c37d-46e2-8f22-5fa81efed820:ef790add-ada6-44cb-9774-1c9ef4f1b882'},Request
47,0.007681542003410868,2026-06-15 20:41:22,,POST,/response,{},Request
48,0.10149995599931572,2026-06-15 20:41:22,4dc5df30-c37d-46e2-8f22-5fa81efed820:ef790add-ada6-44cb-9774-1c9ef4f1b882,GET,/timeline,{'unique_id': '4dc5df30-c37d-46e2-8f22-5fa81efed820:ef790add-ada6-44cb-9774-1c9ef4f1b882'},Request
49,0.008841050999762956,2026-06-15 20:41:22,,POST,/response,{},Request
50,0.10106320000340929,2026-06-15 20:41:22,4dc5df30-c37d-46e2-8f22-5fa81efed820:ef790add-ada6-44cb-9774-1c9ef4f1b882,GET,/timeline,{'unique_id': '4dc5df30-c37d-46e2-8f22-5fa81efed820:ef790add-ada6-44cb-9774-1c9ef4f1b882'},Request
51,0.039313219000177924,2026-06-15 20:41:22,,POST,/response,{},Request
52,0.10635255499801133,2026-06-15 20:41:22,576441a3-c2e0-40c7-994f-1eccbbe28e19:9d4f7322-333b-4c6e-a636-1fb374abf7d8,GET,/timeline,{'unique_id': '576441a3-c2e0-40c7-994f-1eccbbe28e19:9d4f7322-333b-4c6e-a636-1fb374abf7d8'},Request
53,0.04522294699563645,2026-06-15 20:41:22,,POST,/response,{},Request
54,0.10520212999836076,2026-06-15 20:41:22,576441a3-c2e0-40c7-994f-1eccbbe28e19:9d4f7322-333b-4c6e-a636-1fb374abf7d8,GET,/timeline,{'unique_id': '576441a3-c2e0-40c7-994f-1eccbbe28e19:9d4f7322-333b-4c6e-a636-1fb374abf7d8'},Request
55,0.046913493002648465,2026-06-15 20:41:23,,POST,/response,{},Request
56,0.10819225199520588,2026-06-15 20:41:23,576441a3-c2e0-40c7-994f-1eccbbe28e19:9d4f7322-333b-4c6e-a636-1fb374abf7d8,GET,/timeline,{'unique_id': '576441a3-c2e0-40c7-994f-1eccbbe28e19:9d4f7322-333b-4c6e-a636-1fb374abf7d8'},Request
57,0.047769202006747946,2026-06-15 20:41:23,,POST,/response,{},Request
58,0.10485806899669115,2026-06-15 20:41:23,576441a3-c2e0-40c7-994f-1eccbbe28e19:9d4f7322-333b-4c6e-a636-1fb374abf7d8,GET,/timeline,{'unique_id': '576441a3-c2e0-40c7-994f-1eccbbe28e19:9d4f7322-333b-4c6e-a636-1fb374abf7d8'},Request
59,0.04993353000463685,2026-06-15 20:41:23,,POST,/response,{},Request
60,0.108083159000671,2026-06-15 20:41:23,576441a3-c2e0-40c7-994f-1eccbbe28e19:9d4f7322-333b-4c6e-a636-1fb374abf7d8,GET,/timeline,{'unique_id': '576441a3-c2e0-40c7-994f-1eccbbe28e19:9d4f7322-333b-4c6e-a636-1fb374abf7d8'},Request
61,0.029477199001121335,2026-06-15 20:41:23,,POST,/response,{},Request
62,0.10177270500571467,2026-06-15 20:41:23,576441a3-c2e0-40c7-994f-1eccbbe28e19:9d4f7322-333b-4c6e-a636-1fb374abf7d8,GET,/timeline,{'unique_id': '576441a3-c2e0-40c7-994f-1eccbbe28e19:9d4f7322-333b-4c6e-a636-1fb374abf7d8'},Request
63,0.008401917999435682,2026-06-15 20:41:23,,POST,/response,{},Request
64,0.10730973300087499,2026-06-15 20:41:23,576441a3-c2e0-40c7-994f-1eccbbe28e19:9d4f7322-333b-4c6e-a636-1fb374abf7d8,GET,/timeline,{'unique_id': '576441a3-c2e0-40c7-994f-1eccbbe28e19:9d4f7322-333b-4c6e-a636-1fb374abf7d8'},Request
65,0.009361184005683754,2026-06-15 20:41:23,,POST,/response,{},Request
66,0.10311591000208864,2026-06-15 20:41:23,576441a3-c2e0-40c7-994f-1eccbbe28e19:9d4f7322-333b-4c6e-a636-1fb374abf7d8,GET,/timeline,{'unique_id': '576441a3-c2e0-40c7-994f-1eccbbe28e19:9d4f7322-333b-4c6e-a636-1fb374abf7d8'},Request
67,0.0386523099950864,2026-06-15 20:41:23,,POST,/response,{},Request
68,0.11292337500344729,2026-06-15 20:41:24,63793c6b-7669-4125-b789-2f56a3aea9b4:3be511e7-c618-419c-886d-c9941a335f59,GET,/timeline,{'unique_id': '63793c6b-7669-4125-b789-2f56a3aea9b4:3be511e7-c618-419c-886d-c9941a335f59'},Request
69,0.04757552999944892,2026-06-15 20:41:24,,POST,/response,{},Request
70,0.10792812999716261,2026-06-15 20:41:24,63793c6b-7669-4125-b789-2f56a3aea9b4:3be511e7-c618-419c-886d-c9941a335f59,GET,/timeline,{'unique_id': '63793c6b-7669-4125-b789-2f56a3aea9b4:3be511e7-c618-419c-886d-c9941a335f59'},Request
71,0.04717001699464163,2026-06-15 20:41:24,,POST,/response,{},Request
72,0.10889418300212128,2026-06-15 20:41:24,63793c6b-7669-4125-b789-2f56a3aea9b4:3be511e7-c618-419c-886d-c9941a335f59,GET,/timeline,{'unique_id': '63793c6b-7669-4125-b789-2f56a3aea9b4:3be511e7-c618-419c-886d-c9941a335f59'},Request
73,0.053545050002867356,2026-06-15 20:41:24,,POST,/response,{},Request
74,0.10832202999881702,2026-06-15 20:41:24,63793c6b-7669-4125-b789-2f56a3aea9b4:3be511e7-c618-419c-886d-c9941a335f59,GET,/timeline,{'unique_id': '63793c6b-7669-4125-b789-2f56a3aea9b4:3be511e7-c618-419c-886d-c9941a335f59'},Request
75,0.0497405899950536,2026-06-15 20:41:24,,POST,/response,{},Request
76,0.10870543000055477,2026-06-15 20:41:24,63793c6b-7669-4125-b789-2f56a3aea9b4:3be511e7-c618-419c-886d-c9941a335f59,GET,/timeline,{'unique_id': '63793c6b-7669-4125-b789-2f56a3aea9b4:3be511e7-c618-419c-886d-c9941a335f59'},Request
77,0.029394214005151298,2026-06-15 20:41:24,,POST,/response,{},Request
78,0.107221625999955,2026-06-15 20:41:24,63793c6b-7669-4125-b789-2f56a3aea9b4:3be511e7-c618-419c-886d-c9941a335f59,GET,/timeline,{'unique_id': '63793c6b-7669-4125-b789-2f56a3aea9b4:3be511e7-c618-419c-886d-c9941a335f59'},Request
79,0.008728175002033822,2026-06-15 20:41:24,,POST,/response,{},Request
80,0.10201854500337504,2026-06-15 20:41:25,63793c6b-7669-4125-b789-2f56a3aea9b4:3be511e7-c618-419c-886d-c9941a335f59,GET,/timeline,{'unique_id': '63793c6b-7669-4125-b789-2f56a3aea9b4:3be511e7-c618-419c-886d-c9941a335f59'},Request
81,0.009366922997287475,2026-06-15 20:41:25,,POST,/response,{},Request
82,0.10172916999727022,2026-06-15 20:41:25,63793c6b-7669-4125-b789-2f56a3aea9b4:3be511e7-c618-419c-886d-c9941a335f59,GET,/timeline,{'unique_id': '63793c6b-7669-4125-b789-2f56a3aea9b4:3be511e7-c618-419c-886d-c9941a335f59'},Request
83,0.04523249100020621,2026-06-15 20:41:25,,POST,/response,{},Request
84,0.10835820400097873,2026-06-15 20:41:25,7140b6bf-c395-46cf-a119-f9d23c9a782c:3eb19e2d-7080-4b47-9290-196c68e5f974,GET,/timeline,{'unique_id': '7140b6bf-c395-46cf-a119-f9d23c9a782c:3eb19e2d-7080-4b47-9290-196c68e5f974'},Request
85,0.04971294599818066,2026-06-15 20:41:25,,POST,/response,{},Request
86,0.10807220099377446,2026-06-15 20:41:25,7140b6bf-c395-46cf-a119-f9d23c9a782c:3eb19e2d-7080-4b47-9290-196c68e5f974,GET,/timeline,{'unique_id': '7140b6bf-c395-46cf-a119-f9d23c9a782c:3eb19e2d-7080-4b47-9290-196c68e5f974'},Request
87,0.04914503900363343,2026-06-15 20:41:25,,POST,/response,{},Request
88,0.11206156599655515,2026-06-15 20:41:25,7140b6bf-c395-46cf-a119-f9d23c9a782c:3eb19e2d-7080-4b47-9290-196c68e5f974,GET,/timeline,{'unique_id': '7140b6bf-c395-46cf-a119-f9d23c9a782c:3eb19e2d-7080-4b47-9290-196c68e5f974'},Request
89,0.049756928005081136,2026-06-15 20:41:25,,POST,/response,{},Request
90,0.10867929300002288,2026-06-15 20:41:25,7140b6bf-c395-46cf-a119-f9d23c9a782c:3eb19e2d-7080-4b47-9290-196c68e5f974,GET,/timeline,{'unique_id': '7140b6bf-c395-46cf-a119-f9d23c9a782c:3eb19e2d-7080-4b47-9290-196c68e5f974'},Request
91,0.046983345004264265,2026-06-15 20:41:26,,POST,/response,{},Request
92,0.11116283899900736,2026-06-15 20:41:26,7140b6bf-c395-46cf-a119-f9d23c9a782c:3eb19e2d-7080-4b47-9290-196c68e5f974,GET,/timeline,{'unique_id': '7140b6bf-c395-46cf-a119-f9d23c9a782c:3eb19e2d-7080-4b47-9290-196c68e5f974'},Request
93,0.027196566996281035,2026-06-15 20:41:26,,POST,/response,{},Request
94,0.10090676399704535,2026-06-15 20:41:26,7140b6bf-c395-46cf-a119-f9d23c9a782c:3eb19e2d-7080-4b47-9290-196c68e5f974,GET,/timeline,{'unique_id': '7140b6bf-c395-46cf-a119-f9d23c9a782c:3eb19e2d-7080-4b47-9290-196c68e5f974'},Request
95,0.007448271004250273,2026-06-15 20:41:26,,POST,/response,{},Request
96,0.10127754299901426,2026-06-15 20:41:26,7140b6bf-c395-46cf-a119-f9d23c9a782c:3eb19e2d-7080-4b47-9290-196c68e5f974,GET,/timeline,{'unique_id': '7140b6bf-c395-46cf-a119-f9d23c9a782c:3eb19e2d-7080-4b47-9290-196c68e5f974'},Request
97,0.0095801399947959,2026-06-15 20:41:26,,POST,/response,{},Request
98,0.10243790000095032,2026-06-15 20:41:26,7140b6bf-c395-46cf-a119-f9d23c9a782c:3eb19e2d-7080-4b47-9290-196c68e5f974,GET,/timeline,{'unique_id': '7140b6bf-c395-46cf-a119-f9d23c9a782c:3eb19e2d-7080-4b47-9290-196c68e5f974'},Request
99,0.04140006799570983,2026-06-15 20:41:26,,POST,/response,{},Request
100,0.10771145699982299,2026-06-15 20:41:26,bba77118-0968-4b9d-b727-37f3f4a250bb:3a1cab8b-70a5-451a-ac9d-98a0abd3d6c0,GET,/timeline,{'unique_id': 'bba77118-0968-4b9d-b727-37f3f4a250bb:3a1cab8b-70a5-451a-ac9d-98a0abd3d6c0'},Request
101,0.04958572900068248,2026-06-15 20:41:26,,POST,/response,{},Request
102,0.10814569500507787,2026-06-15 20:41:26,bba77118-0968-4b9d-b727-37f3f4a250bb:3a1cab8b-70a5-451a-ac9d-98a0abd3d6c0,GET,/timeline,{'unique_id': 'bba77118-0968-4b9d-b727-37f3f4a250bb:3a1cab8b-70a5-451a-ac9d-98a0abd3d6c0'},Request
103,0.048772426998766605,2026-06-15 20:41:26,,POST,/response,{},Request
104,0.11026354399655247,2026-06-15 20:41:27,bba77118-0968-4b9d-b727-37f3f4a250bb:3a1cab8b-70a5-451a-ac9d-98a0abd3d6c0,GET,/timeline,{'unique_id': 'bba77118-0968-4b9d-b727-37f3f4a250bb:3a1cab8b-70a5-451a-ac9d-98a0abd3d6c0'},Request
105,0.048175729003560264,2026-06-15 20:41:27,,POST,/response,{},Request
106,0.10714064000057988,2026-06-15 20:41:27,bba77118-0968-4b9d-b727-37f3f4a250bb:3a1cab8b-70a5-451a-ac9d-98a0abd3d6c0,GET,/timeline,{'unique_id': 'bba77118-0968-4b9d-b727-37f3f4a250bb:3a1cab8b-70a5-451a-ac9d-98a0abd3d6c0'},Request
107,0.04837377500371076,2026-06-15 20:41:27,,POST,/response,{},Request
108,0.1200749990020995,2026-06-15 20:41:27,bba77118-0968-4b9d-b727-37f3f4a250bb:3a1cab8b-70a5-451a-ac9d-98a0abd3d6c0,GET,/timeline,{'unique_id': 'bba77118-0968-4b9d-b727-37f3f4a250bb:3a1cab8b-70a5-451a-ac9d-98a0abd3d6c0'},Request
109,0.027679828002874274,2026-06-15 20:41:27,,POST,/response,{},Request
110,0.10269801099639153,2026-06-15 20:41:27,bba77118-0968-4b9d-b727-37f3f4a250bb:3a1cab8b-70a5-451a-ac9d-98a0abd3d6c0,GET,/timeline,{'unique_id': 'bba77118-0968-4b9d-b727-37f3f4a250bb:3a1cab8b-70a5-451a-ac9d-98a0abd3d6c0'},Request
111,0.008708678993571084,2026-06-15 20:41:27,,POST,/response,{},Request
112,0.10550684399640886,2026-06-15 20:41:27,bba77118-0968-4b9d-b727-37f3f4a250bb:3a1cab8b-70a5-451a-ac9d-98a0abd3d6c0,GET,/timeline,{'unique_id': 'bba77118-0968-4b9d-b727-37f3f4a250bb:3a1cab8b-70a5-451a-ac9d-98a0abd3d6c0'},Request
113,0.008950508999987505,2026-06-15 20:41:27,,POST,/response,{},Request
114,0.10148380500322673,2026-06-15 20:41:27,bba77118-0968-4b9d-b727-37f3f4a250bb:3a1cab8b-70a5-451a-ac9d-98a0abd3d6c0,GET,/timeline,{'unique_id': 'bba77118-0968-4b9d-b727-37f3f4a250bb:3a1cab8b-70a5-451a-ac9d-98a0abd3d6c0'},Request
115,0.04193284900247818,2026-06-15 20:41:27,,POST,/response,{},Request
116,0.10920048900152324,2026-06-15 20:41:28,0f45217b-337b-4339-89dd-3d930e0e7981:12049ad3-9f87-4aff-a1af-c37595d6571f,GET,/timeline,{'unique_id': '0f45217b-337b-4339-89dd-3d930e0e7981:12049ad3-9f87-4aff-a1af-c37595d6571f'},Request
117,0.04470212400337914,2026-06-15 20:41:28,,POST,/response,{},Request
118,0.10761379200266674,2026-06-15 20:41:28,0f45217b-337b-4339-89dd-3d930e0e7981:12049ad3-9f87-4aff-a1af-c37595d6571f,GET,/timeline,{'unique_id': '0f45217b-337b-4339-89dd-3d930e0e7981:12049ad3-9f87-4aff-a1af-c37595d6571f'},Request
119,0.044849980004073586,2026-06-15 20:41:28,,POST,/response,{},Request
120,0.10772965700016357,2026-06-15 20:41:28,0f45217b-337b-4339-89dd-3d930e0e7981:12049ad3-9f87-4aff-a1af-c37595d6571f,GET,/timeline,{'unique_id': '0f45217b-337b-4339-89dd-3d930e0e7981:12049ad3-9f87-4aff-a1af-c37595d6571f'},Request
121,0.04474122199462727,2026-06-15 20:41:28,,POST,/response,{},Request
122,0.11369146799552254,2026-06-15 20:41:28,0f45217b-337b-4339-89dd-3d930e0e7981:12049ad3-9f87-4aff-a1af-c37595d6571f,GET,/timeline,{'unique_id': '0f45217b-337b-4339-89dd-3d930e0e7981:12049ad3-9f87-4aff-a1af-c37595d6571f'},Request
123,0.048819481999089476,2026-06-15 20:41:28,,POST,/response,{},Request
124,0.10764686900074594,2026-06-15 20:41:28,0f45217b-337b-4339-89dd-3d930e0e7981:12049ad3-9f87-4aff-a1af-c37595d6571f,GET,/timeline,{'unique_id': '0f45217b-337b-4339-89dd-3d930e0e7981:12049ad3-9f87-4aff-a1af-c37595d6571f'},Request
125,0.029641001994605176,2026-06-15 20:41:28,,POST,/response,{},Request
126,0.1019161130025168,2026-06-15 20:41:28,0f45217b-337b-4339-89dd-3d930e0e7981:12049ad3-9f87-4aff-a1af-c37595d6571f,GET,/timeline,{'unique_id': '0f45217b-337b-4339-89dd-3d930e0e7981:12049ad3-9f87-4aff-a1af-c37595d6571f'},Request
127,0.008283237002615351,2026-06-15 20:41:28,,POST,/response,{},Request
128,0.1051703670018469,2026-06-15 20:41:28,0f45217b-337b-4339-89dd-3d930e0e7981:12049ad3-9f87-4aff-a1af-c37595d6571f,GET,/timeline,{'unique_id': '0f45217b-337b-4339-89dd-3d930e0e7981:12049ad3-9f87-4aff-a1af-c37595d6571f'},Request
129,0.009252348994778004,2026-06-15 20:41:28,,POST,/response,{},Request
130,0.10300030600046739,2026-06-15 20:41:29,0f45217b-337b-4339-89dd-3d930e0e7981:12049ad3-9f87-4aff-a1af-c37595d6571f,GET,/timeline,{'unique_id': '0f45217b-337b-4339-89dd-3d930e0e7981:12049ad3-9f87-4aff-a1af-c37595d6571f'},Request
131,0.038635343000350986,2026-06-15 20:41:29,,POST,/response,{},Request
132,0.10728781799844,2026-06-15 20:41:29,52a8f11f-3845-4e49-a624-46bcd45ceadd:a3a88aa4-238c-48b4-9100-9cf8172a7b82,GET,/timeline,{'unique_id': '52a8f11f-3845-4e49-a624-46bcd45ceadd:a3a88aa4-238c-48b4-9100-9cf8172a7b82'},Request
133,0.04860670900234254,2026-06-15 20:41:29,,POST,/response,{},Request
134,0.10758531100145774,2026-06-15 20:41:29,52a8f11f-3845-4e49-a624-46bcd45ceadd:a3a88aa4-238c-48b4-9100-9cf8172a7b82,GET,/timeline,{'unique_id': '52a8f11f-3845-4e49-a624-46bcd45ceadd:a3a88aa4-238c-48b4-9100-9cf8172a7b82'},Request
135,0.049340716999722645,2026-06-15 20:41:29,,POST,/response,{},Request
136,0.10708501699991757,2026-06-15 20:41:29,52a8f11f-3845-4e49-a624-46bcd45ceadd:a3a88aa4-238c-48b4-9100-9cf8172a7b82,GET,/timeline,{'unique_id': '52a8f11f-3845-4e49-a624-46bcd45ceadd:a3a88aa4-238c-48b4-9100-9cf8172a7b82'},Request
137,0.04445412899804069,2026-06-15 20:41:29,,POST,/response,{},Request
138,0.10766725199937355,2026-06-15 20:41:29,52a8f11f-3845-4e49-a624-46bcd45ceadd:a3a88aa4-238c-48b4-9100-9cf8172a7b82,GET,/timeline,{'unique_id': '52a8f11f-3845-4e49-a624-46bcd45ceadd:a3a88aa4-238c-48b4-9100-9cf8172a7b82'},Request
139,0.051672481997229625,2026-06-15 20:41:29,,POST,/response,{},Request
140,0.1078886409959523,2026-06-15 20:41:29,52a8f11f-3845-4e49-a624-46bcd45ceadd:a3a88aa4-238c-48b4-9100-9cf8172a7b82,GET,/timeline,{'unique_id': '52a8f11f-3845-4e49-a624-46bcd45ceadd:a3a88aa4-238c-48b4-9100-9cf8172a7b82'},Request
141,0.03049311899667373,2026-06-15 20:41:30,,POST,/response,{},Request
142,0.10184614100580802,2026-06-15 20:41:30,52a8f11f-3845-4e49-a624-46bcd45ceadd:a3a88aa4-238c-48b4-9100-9cf8172a7b82,GET,/timeline,{'unique_id': '52a8f11f-3845-4e49-a624-46bcd45ceadd:a3a88aa4-238c-48b4-9100-9cf8172a7b82'},Request
143,0.007901823999418411,2026-06-15 20:41:30,,POST,/response,{},Request
144,0.10169913400022779,2026-06-15 20:41:30,52a8f11f-3845-4e49-a624-46bcd45ceadd:a3a88aa4-238c-48b4-9100-9cf8172a7b82,GET,/timeline,{'unique_id': '52a8f11f-3845-4e49-a624-46bcd45ceadd:a3a88aa4-238c-48b4-9100-9cf8172a7b82'},Request
145,0.00926311300281668,2026-06-15 20:41:30,,POST,/response,{},Request
146,0.10175538699695608,2026-06-15 20:41:30,52a8f11f-3845-4e49-a624-46bcd45ceadd:a3a88aa4-238c-48b4-9100-9cf8172a7b82,GET,/timeline,{'unique_id': '52a8f11f-3845-4e49-a624-46bcd45ceadd:a3a88aa4-238c-48b4-9100-9cf8172a7b82'},Request
147,0.040161279001040384,2026-06-15 20:41:30,,POST,/response,{},Request
148,0.1120168260022183,2026-06-15 20:41:30,d9a561a8-db69-4b19-8e72-8303098ab6c6:d226e027-8600-4d22-86a3-b75422c392c2,GET,/timeline,{'unique_id': 'd9a561a8-db69-4b19-8e72-8303098ab6c6:d226e027-8600-4d22-86a3-b75422c392c2'},Request
149,0.04883291200530948,2026-06-15 20:41:30,,POST,/response,{},Request
150,0.1083473300022888,2026-06-15 20:41:30,d9a561a8-db69-4b19-8e72-8303098ab6c6:d226e027-8600-4d22-86a3-b75422c392c2,GET,/timeline,{'unique_id': 'd9a561a8-db69-4b19-8e72-8303098ab6c6:d226e027-8600-4d22-86a3-b75422c392c2'},Request
151,0.047960711002815515,2026-06-15 20:41:30,,POST,/response,{},Request
152,0.11941726099757943,2026-06-15 20:41:30,d9a561a8-db69-4b19-8e72-8303098ab6c6:d226e027-8600-4d22-86a3-b75422c392c2,GET,/timeline,{'unique_id': 'd9a561a8-db69-4b19-8e72-8303098ab6c6:d226e027-8600-4d22-86a3-b75422c392c2'},Request
153,0.04909325300104683,2026-06-15 20:41:30,,POST,/response,{},Request
154,0.10949966499902075,2026-06-15 20:41:31,d9a561a8-db69-4b19-8e72-8303098ab6c6:d226e027-8600-4d22-86a3-b75422c392c2,GET,/timeline,{'unique_id': 'd9a561a8-db69-4b19-8e72-8303098ab6c6:d226e027-8600-4d22-86a3-b75422c392c2'},Request
155,0.049315046999254264,2026-06-15 20:41:31,,POST,/response,{},Request
156,0.10867859800055157,2026-06-15 20:41:31,d9a561a8-db69-4b19-8e72-8303098ab6c6:d226e027-8600-4d22-86a3-b75422c392c2,GET,/timeline,{'unique_id': 'd9a561a8-db69-4b19-8e72-8303098ab6c6:d226e027-8600-4d22-86a3-b75422c392c2'},Request
157,0.02986116099782521,2026-06-15 20:41:31,,POST,/response,{},Request
158,0.10177520100114634,2026-06-15 20:41:31,d9a561a8-db69-4b19-8e72-8303098ab6c6:d226e027-8600-4d22-86a3-b75422c392c2,GET,/timeline,{'unique_id': 'd9a561a8-db69-4b19-8e72-8303098ab6c6:d226e027-8600-4d22-86a3-b75422c392c2'},Request
159,0.008721058999071829,2026-06-15 20:41:31,,POST,/response,{},Request
160,0.10264769399509532,2026-06-15 20:41:31,d9a561a8-db69-4b19-8e72-8303098ab6c6:d226e027-8600-4d22-86a3-b75422c392c2,GET,/timeline,{'unique_id': 'd9a561a8-db69-4b19-8e72-8303098ab6c6:d226e027-8600-4d22-86a3-b75422c392c2'},Request
161,0.008965985995018855,2026-06-15 20:41:31,,POST,/response,{},Request
162,0.1014501960016787,2026-06-15 20:41:31,d9a561a8-db69-4b19-8e72-8303098ab6c6:d226e027-8600-4d22-86a3-b75422c392c2,GET,/timeline,{'unique_id': 'd9a561a8-db69-4b19-8e72-8303098ab6c6:d226e027-8600-4d22-86a3-b75422c392c2'},Request
163,0.04029265900317114,2026-06-15 20:41:31,,POST,/response,{},Request
164,0.10739304700109642,2026-06-15 20:41:31,42d1294e-7855-40aa-8949-39635d474203:1b3731a5-32d1-4fb1-96a0-8e64553c3b0a,GET,/timeline,{'unique_id': '42d1294e-7855-40aa-8949-39635d474203:1b3731a5-32d1-4fb1-96a0-8e64553c3b0a'},Request
165,0.05050596100045368,2026-06-15 20:41:31,,POST,/response,{},Request
166,0.10569648400269216,2026-06-15 20:41:32,42d1294e-7855-40aa-8949-39635d474203:1b3731a5-32d1-4fb1-96a0-8e64553c3b0a,GET,/timeline,{'unique_id': '42d1294e-7855-40aa-8949-39635d474203:1b3731a5-32d1-4fb1-96a0-8e64553c3b0a'},Request
167,0.04702345500118099,2026-06-15 20:41:32,,POST,/response,{},Request
168,0.10796759500226472,2026-06-15 20:41:32,42d1294e-7855-40aa-8949-39635d474203:1b3731a5-32d1-4fb1-96a0-8e64553c3b0a,GET,/timeline,{'unique_id': '42d1294e-7855-40aa-8949-39635d474203:1b3731a5-32d1-4fb1-96a0-8e64553c3b0a'},Request
169,0.04903373499837471,2026-06-15 20:41:32,,POST,/response,{},Request
170,0.10955984699830879,2026-06-15 20:41:32,42d1294e-7855-40aa-8949-39635d474203:1b3731a5-32d1-4fb1-96a0-8e64553c3b0a,GET,/timeline,{'unique_id': '42d1294e-7855-40aa-8949-39635d474203:1b3731a5-32d1-4fb1-96a0-8e64553c3b0a'},Request
171,0.04622216200368712,2026-06-15 20:41:32,,POST,/response,{},Request
172,0.10754647899739211,2026-06-15 20:41:32,42d1294e-7855-40aa-8949-39635d474203:1b3731a5-32d1-4fb1-96a0-8e64553c3b0a,GET,/timeline,{'unique_id': '42d1294e-7855-40aa-8949-39635d474203:1b3731a5-32d1-4fb1-96a0-8e64553c3b0a'},Request
173,0.0277011880025384,2026-06-15 20:41:32,,POST,/response,{},Request
174,0.10211125899513718,2026-06-15 20:41:32,42d1294e-7855-40aa-8949-39635d474203:1b3731a5-32d1-4fb1-96a0-8e64553c3b0a,GET,/timeline,{'unique_id': '42d1294e-7855-40aa-8949-39635d474203:1b3731a5-32d1-4fb1-96a0-8e64553c3b0a'},Request
175,0.008541167000657879,2026-06-15 20:41:32,,POST,/response,{},Request
176,0.10233474100095918,2026-06-15 20:41:32,42d1294e-7855-40aa-8949-39635d474203:1b3731a5-32d1-4fb1-96a0-8e64553c3b0a,GET,/timeline,{'unique_id': '42d1294e-7855-40aa-8949-39635d474203:1b3731a5-32d1-4fb1-96a0-8e64553c3b0a'},Request
177,0.008795019006356597,2026-06-15 20:41:32,,POST,/response,{},Request
178,0.10114964500098722,2026-06-15 20:41:32,42d1294e-7855-40aa-8949-39635d474203:1b3731a5-32d1-4fb1-96a0-8e64553c3b0a,GET,/timeline,{'unique_id': '42d1294e-7855-40aa-8949-39635d474203:1b3731a5-32d1-4fb1-96a0-8e64553c3b0a'},Request
179,0.0400135620002402,2026-06-15 20:41:33,,POST,/response,{},Request
180,0.10960876700119115,2026-06-15 20:41:33,eec280ba-b523-4ec1-a8eb-5c11cd6b9f56:2c396535-467f-42a7-9b2e-61592516f05e,GET,/timeline,{'unique_id': 'eec280ba-b523-4ec1-a8eb-5c11cd6b9f56:2c396535-467f-42a7-9b2e-61592516f05e'},Request
181,0.05015162500058068,2026-06-15 20:41:33,,POST,/response,{},Request
182,0.10845658999460284,2026-06-15 20:41:33,eec280ba-b523-4ec1-a8eb-5c11cd6b9f56:2c396535-467f-42a7-9b2e-61592516f05e,GET,/timeline,{'unique_id': 'eec280ba-b523-4ec1-a8eb-5c11cd6b9f56:2c396535-467f-42a7-9b2e-61592516f05e'},Request
183,0.050157836005382705,2026-06-15 20:41:33,,POST,/response,{},Request
184,0.10970420500234468,2026-06-15 20:41:33,eec280ba-b523-4ec1-a8eb-5c11cd6b9f56:2c396535-467f-42a7-9b2e-61592516f05e,GET,/timeline,{'unique_id': 'eec280ba-b523-4ec1-a8eb-5c11cd6b9f56:2c396535-467f-42a7-9b2e-61592516f05e'},Request
185,0.05032019099598983,2026-06-15 20:41:33,,POST,/response,{},Request
186,0.1064735309992102,2026-06-15 20:41:33,eec280ba-b523-4ec1-a8eb-5c11cd6b9f56:2c396535-467f-42a7-9b2e-61592516f05e,GET,/timeline,{'unique_id': 'eec280ba-b523-4ec1-a8eb-5c11cd6b9f56:2c396535-467f-42a7-9b2e-61592516f05e'},Request
187,0.04865235099714482,2026-06-15 20:41:33,,POST,/response,{},Request
188,0.11113689500052715,2026-06-15 20:41:33,eec280ba-b523-4ec1-a8eb-5c11cd6b9f56:2c396535-467f-42a7-9b2e-61592516f05e,GET,/timeline,{'unique_id': 'eec280ba-b523-4ec1-a8eb-5c11cd6b9f56:2c396535-467f-42a7-9b2e-61592516f05e'},Request
189,0.023346478999883402,2026-06-15 20:41:33,,POST,/response,{},Request
190,0.10145690299395937,2026-06-15 20:41:33,eec280ba-b523-4ec1-a8eb-5c11cd6b9f56:2c396535-467f-42a7-9b2e-61592516f05e,GET,/timeline,{'unique_id': 'eec280ba-b523-4ec1-a8eb-5c11cd6b9f56:2c396535-467f-42a7-9b2e-61592516f05e'},Request
191,0.007645664001756813,2026-06-15 20:41:34,,POST,/response,{},Request
192,0.10142371999972966,2026-06-15 20:41:34,eec280ba-b523-4ec1-a8eb-5c11cd6b9f56:2c396535-467f-42a7-9b2e-61592516f05e,GET,/timeline,{'unique_id': 'eec280ba-b523-4ec1-a8eb-5c11cd6b9f56:2c396535-467f-42a7-9b2e-61592516f05e'},Request
193,0.00783778400364099,2026-06-15 20:41:34,,POST,/response,{},Request
194,0.10560197499580681,2026-06-15 20:41:34,eec280ba-b523-4ec1-a8eb-5c11cd6b9f56:2c396535-467f-42a7-9b2e-61592516f05e,GET,/timeline,{'unique_id': 'eec280ba-b523-4ec1-a8eb-5c11cd6b9f56:2c396535-467f-42a7-9b2e-61592516f05e'},Request
195,0.039730064003379084,2026-06-15 20:41:34,,POST,/response,{},Request
196,0.10538446399732493,2026-06-15 20:41:34,848a9f1c-ccce-4177-be1c-c638755f8ebc:171df9c7-3f12-4f98-8cad-ec67d4d4a216,GET,/timeline,{'unique_id': '848a9f1c-ccce-4177-be1c-c638755f8ebc:171df9c7-3f12-4f98-8cad-ec67d4d4a216'},Request
197,0.047558737998770084,2026-06-15 20:41:34,,POST,/response,{},Request
198,0.10651850800059037,2026-06-15 20:41:34,848a9f1c-ccce-4177-be1c-c638755f8ebc:171df9c7-3f12-4f98-8cad-ec67d4d4a216,GET,/timeline,{'unique_id': '848a9f1c-ccce-4177-be1c-c638755f8ebc:171df9c7-3f12-4f98-8cad-ec67d4d4a216'},Request
199,0.04856855900288792,2026-06-15 20:41:34,,POST,/response,{},Request
200,0.11118556500150589,2026-06-15 20:41:34,848a9f1c-ccce-4177-be1c-c638755f8ebc:171df9c7-3f12-4f98-8cad-ec67d4d4a216,GET,/timeline,{'unique_id': '848a9f1c-ccce-4177-be1c-c638755f8ebc:171df9c7-3f12-4f98-8cad-ec67d4d4a216'},Request
201,0.05040026300412137,2026-06-15 20:41:34,,POST,/response,{},Request
202,0.10550562599382829,2026-06-15 20:41:34,848a9f1c-ccce-4177-be1c-c638755f8ebc:171df9c7-3f12-4f98-8cad-ec67d4d4a216,GET,/timeline,{'unique_id': '848a9f1c-ccce-4177-be1c-c638755f8ebc:171df9c7-3f12-4f98-8cad-ec67d4d4a216'},Request
203,0.0444818089963519,2026-06-15 20:41:34,,POST,/response,{},Request
204,0.10665270000026794,2026-06-15 20:41:35,848a9f1c-ccce-4177-be1c-c638755f8ebc:171df9c7-3f12-4f98-8cad-ec67d4d4a216,GET,/timeline,{'unique_id': '848a9f1c-ccce-4177-be1c-c638755f8ebc:171df9c7-3f12-4f98-8cad-ec67d4d4a216'},Request
205,0.02723970300576184,2026-06-15 20:41:35,,POST,/response,{},Request
206,0.10095342099521076,2026-06-15 20:41:35,848a9f1c-ccce-4177-be1c-c638755f8ebc:171df9c7-3f12-4f98-8cad-ec67d4d4a216,GET,/timeline,{'unique_id': '848a9f1c-ccce-4177-be1c-c638755f8ebc:171df9c7-3f12-4f98-8cad-ec67d4d4a216'},Request
207,0.007702266004343983,2026-06-15 20:41:35,,POST,/response,{},Request
208,0.1020245019972208,2026-06-15 20:41:35,848a9f1c-ccce-4177-be1c-c638755f8ebc:171df9c7-3f12-4f98-8cad-ec67d4d4a216,GET,/timeline,{'unique_id': '848a9f1c-ccce-4177-be1c-c638755f8ebc:171df9c7-3f12-4f98-8cad-ec67d4d4a216'},Request
209,0.008695258002262563,2026-06-15 20:41:35,,POST,/response,{},Request
210,0.10099497900228016,2026-06-15 20:41:35,848a9f1c-ccce-4177-be1c-c638755f8ebc:171df9c7-3f12-4f98-8cad-ec67d4d4a216,GET,/timeline,{'unique_id': '848a9f1c-ccce-4177-be1c-c638755f8ebc:171df9c7-3f12-4f98-8cad-ec67d4d4a216'},Request
211,0.03844365000259131,2026-06-15 20:41:35,,POST,/response,{},Request
212,0.10607352800434455,2026-06-15 20:41:35,2d5dd963-2c2f-48aa-a1e0-d1409647c59b:51819a47-f2c4-4286-8211-98bd15230496,GET,/timeline,{'unique_id': '2d5dd963-2c2f-48aa-a1e0-d1409647c59b:51819a47-f2c4-4286-8211-98bd15230496'},Request
213,0.045179323002230376,2026-06-15 20:41:35,,POST,/response,{},Request
214,0.10747712000011234,2026-06-15 20:41:35,2d5dd963-2c2f-48aa-a1e0-d1409647c59b:51819a47-f2c4-4286-8211-98bd15230496,GET,/timeline,{'unique_id': '2d5dd963-2c2f-48aa-a1e0-d1409647c59b:51819a47-f2c4-4286-8211-98bd15230496'},Request
215,0.04609327600337565,2026-06-15 20:41:35,,POST,/response,{},Request
216,0.10705027999938466,2026-06-15 20:41:36,2d5dd963-2c2f-48aa-a1e0-d1409647c59b:51819a47-f2c4-4286-8211-98bd15230496,GET,/timeline,{'unique_id': '2d5dd963-2c2f-48aa-a1e0-d1409647c59b:51819a47-f2c4-4286-8211-98bd15230496'},Request
217,0.04856438299611909,2026-06-15 20:41:36,,POST,/response,{},Request
218,0.10865724099858198,2026-06-15 20:41:36,2d5dd963-2c2f-48aa-a1e0-d1409647c59b:51819a47-f2c4-4286-8211-98bd15230496,GET,/timeline,{'unique_id': '2d5dd963-2c2f-48aa-a1e0-d1409647c59b:51819a47-f2c4-4286-8211-98bd15230496'},Request
219,0.0458234999969136,2026-06-15 20:41:36,,POST,/response,{},Request
220,0.10573659500369104,2026-06-15 20:41:36,2d5dd963-2c2f-48aa-a1e0-d1409647c59b:51819a47-f2c4-4286-8211-98bd15230496,GET,/timeline,{'unique_id': '2d5dd963-2c2f-48aa-a1e0-d1409647c59b:51819a47-f2c4-4286-8211-98bd15230496'},Request
221,0.028056866001861636,2026-06-15 20:41:36,,POST,/response,{},Request
222,0.10176065199630102,2026-06-15 20:41:36,2d5dd963-2c2f-48aa-a1e0-d1409647c59b:51819a47-f2c4-4286-8211-98bd15230496,GET,/timeline,{'unique_id': '2d5dd963-2c2f-48aa-a1e0-d1409647c59b:51819a47-f2c4-4286-8211-98bd15230496'},Request
223,0.007735438004601747,2026-06-15 20:41:36,,POST,/response,{},Request
224,0.10229057099786587,2026-06-15 20:41:36,2d5dd963-2c2f-48aa-a1e0-d1409647c59b:51819a47-f2c4-4286-8211-98bd15230496,GET,/timeline,{'unique_id': '2d5dd963-2c2f-48aa-a1e0-d1409647c59b:51819a47-f2c4-4286-8211-98bd15230496'},Request
225,0.00877010900148889,2026-06-15 20:41:36,,POST,/response,{},Request
226,0.10230870899977162,2026-06-15 20:41:36,2d5dd963-2c2f-48aa-a1e0-d1409647c59b:51819a47-f2c4-4286-8211-98bd15230496,GET,/timeline,{'unique_id': '2d5dd963-2c2f-48aa-a1e0-d1409647c59b:51819a47-f2c4-4286-8211-98bd15230496'},Request
227,0.04193119800038403,2026-06-15 20:41:36,,POST,/response,{},Request
228,0.10750157700385898,2026-06-15 20:41:36,5f2886ef-3cc8-4a6a-ba07-7b19535978f8:307d3bef-308a-4400-8bd4-077cc0f20849,GET,/timeline,{'unique_id': '5f2886ef-3cc8-4a6a-ba07-7b19535978f8:307d3bef-308a-4400-8bd4-077cc0f20849'},Request
229,0.04544755299866665,2026-06-15 20:41:36,,POST,/response,{},Request
230,0.10731622800085461,2026-06-15 20:41:37,5f2886ef-3cc8-4a6a-ba07-7b19535978f8:307d3bef-308a-4400-8bd4-077cc0f20849,GET,/timeline,{'unique_id': '5f2886ef-3cc8-4a6a-ba07-7b19535978f8:307d3bef-308a-4400-8bd4-077cc0f20849'},Request
231,0.05081281199818477,2026-06-15 20:41:37,,POST,/response,{},Request
232,0.10868417799792951,2026-06-15 20:41:37,5f2886ef-3cc8-4a6a-ba07-7b19535978f8:307d3bef-308a-4400-8bd4-077cc0f20849,GET,/timeline,{'unique_id': '5f2886ef-3cc8-4a6a-ba07-7b19535978f8:307d3bef-308a-4400-8bd4-077cc0f20849'},Request
233,0.04824916199868312,2026-06-15 20:41:37,,POST,/response,{},Request
234,0.10779762499441858,2026-06-15 20:41:37,5f2886ef-3cc8-4a6a-ba07-7b19535978f8:307d3bef-308a-4400-8bd4-077cc0f20849,GET,/timeline,{'unique_id': '5f2886ef-3cc8-4a6a-ba07-7b19535978f8:307d3bef-308a-4400-8bd4-077cc0f20849'},Request
235,0.051894284995796625,2026-06-15 20:41:37,,POST,/response,{},Request
236,0.10879645800014259,2026-06-15 20:41:37,5f2886ef-3cc8-4a6a-ba07-7b19535978f8:307d3bef-308a-4400-8bd4-077cc0f20849,GET,/timeline,{'unique_id': '5f2886ef-3cc8-4a6a-ba07-7b19535978f8:307d3bef-308a-4400-8bd4-077cc0f20849'},Request
237,0.030377768001926597,2026-06-15 20:41:37,,POST,/response,{},Request
238,0.10125891799543751,2026-06-15 20:41:37,5f2886ef-3cc8-4a6a-ba07-7b19535978f8:307d3bef-308a-4400-8bd4-077cc0f20849,GET,/timeline,{'unique_id': '5f2886ef-3cc8-4a6a-ba07-7b19535978f8:307d3bef-308a-4400-8bd4-077cc0f20849'},Request
239,0.008586137999373022,2026-06-15 20:41:37,,POST,/response,{},Request
240,0.1024717510008486,2026-06-15 20:41:37,5f2886ef-3cc8-4a6a-ba07-7b19535978f8:307d3bef-308a-4400-8bd4-077cc0f20849,GET,/timeline,{'unique_id': '5f2886ef-3cc8-4a6a-ba07-7b19535978f8:307d3bef-308a-4400-8bd4-077cc0f20849'},Request
241,0.00824294199992437,2026-06-15 20:41:37,,POST,/response,{},Request
242,0.10127206000470323,2026-06-15 20:41:38,5f2886ef-3cc8-4a6a-ba07-7b19535978f8:307d3bef-308a-4400-8bd4-077cc0f20849,GET,/timeline,{'unique_id': '5f2886ef-3cc8-4a6a-ba07-7b19535978f8:307d3bef-308a-4400-8bd4-077cc0f20849'},Request
243,0.039959458001249004,2026-06-15 20:41:38,,POST,/response,{},Request
244,0.10722792999877129,2026-06-15 20:41:38,354f9b15-0090-4a4b-9bec-7de080ea2cd5:aa11e6b5-d31d-4aad-853c-766c07805027,GET,/timeline,{'unique_id': '354f9b15-0090-4a4b-9bec-7de080ea2cd5:aa11e6b5-d31d-4aad-853c-766c07805027'},Request
245,0.04832400500163203,2026-06-15 20:41:38,,POST,/response,{},Request
246,0.10706248700444121,2026-06-15 20:41:38,354f9b15-0090-4a4b-9bec-7de080ea2cd5:aa11e6b5-d31d-4aad-853c-766c07805027,GET,/timeline,{'unique_id': '354f9b15-0090-4a4b-9bec-7de080ea2cd5:aa11e6b5-d31d-4aad-853c-766c07805027'},Request
247,0.04917432599904714,2026-06-15 20:41:38,,POST,/response,{},Request
248,0.10790996399737196,2026-06-15 20:41:38,354f9b15-0090-4a4b-9bec-7de080ea2cd5:aa11e6b5-d31d-4aad-853c-766c07805027,GET,/timeline,{'unique_id': '354f9b15-0090-4a4b-9bec-7de080ea2cd5:aa11e6b5-d31d-4aad-853c-766c07805027'},Request
249,0.048324334995413665,2026-06-15 20:41:38,,POST,/response,{},Request
250,0.10868166900036158,2026-06-15 20:41:38,354f9b15-0090-4a4b-9bec-7de080ea2cd5:aa11e6b5-d31d-4aad-853c-766c07805027,GET,/timeline,{'unique_id': '354f9b15-0090-4a4b-9bec-7de080ea2cd5:aa11e6b5-d31d-4aad-853c-766c07805027'},Request
251,0.05040175600151997,2026-06-15 20:41:38,,POST,/response,{},Request
252,0.10883481299970299,2026-06-15 20:41:38,354f9b15-0090-4a4b-9bec-7de080ea2cd5:aa11e6b5-d31d-4aad-853c-766c07805027,GET,/timeline,{'unique_id': '354f9b15-0090-4a4b-9bec-7de080ea2cd5:aa11e6b5-d31d-4aad-853c-766c07805027'},Request
253,0.02724440200108802,2026-06-15 20:41:38,,POST,/response,{},Request
254,0.10216168099577771,2026-06-15 20:41:39,354f9b15-0090-4a4b-9bec-7de080ea2cd5:aa11e6b5-d31d-4aad-853c-766c07805027,GET,/timeline,{'unique_id': '354f9b15-0090-4a4b-9bec-7de080ea2cd5:aa11e6b5-d31d-4aad-853c-766c07805027'},Request
255,0.008973764000984374,2026-06-15 20:41:39,,POST,/response,{},Request
256,0.10340660099609522,2026-06-15 20:41:39,354f9b15-0090-4a4b-9bec-7de080ea2cd5:aa11e6b5-d31d-4aad-853c-766c07805027,GET,/timeline,{'unique_id': '354f9b15-0090-4a4b-9bec-7de080ea2cd5:aa11e6b5-d31d-4aad-853c-766c07805027'},Request
257,0.008755969996855129,2026-06-15 20:41:39,,POST,/response,{},Request
258,0.104260248997889,2026-06-15 20:41:39,354f9b15-0090-4a4b-9bec-7de080ea2cd5:aa11e6b5-d31d-4aad-853c-766c07805027,GET,/timeline,{'unique_id': '354f9b15-0090-4a4b-9bec-7de080ea2cd5:aa11e6b5-d31d-4aad-853c-766c07805027'},Request
259,0.04179198999918299,2026-06-15 20:41:39,,POST,/response,{},Request
260,0.10674714200285962,2026-06-15 20:41:39,3f1a4db6-d94e-4eb2-816d-b0d7b6df0452:59367a99-bfde-4f70-b5e5-832ee9678f94,GET,/timeline,{'unique_id': '3f1a4db6-d94e-4eb2-816d-b0d7b6df0452:59367a99-bfde-4f70-b5e5-832ee9678f94'},Request
261,0.04760419300146168,2026-06-15 20:41:39,,POST,/response,{},Request
262,0.10698056999535765,2026-06-15 20:41:39,3f1a4db6-d94e-4eb2-816d-b0d7b6df0452:59367a99-bfde-4f70-b5e5-832ee9678f94,GET,/timeline,{'unique_id': '3f1a4db6-d94e-4eb2-816d-b0d7b6df0452:59367a99-bfde-4f70-b5e5-832ee9678f94'},Request
263,0.047419030001037754,2026-06-15 20:41:39,,POST,/response,{},Request
264,0.10677819500415353,2026-06-15 20:41:39,3f1a4db6-d94e-4eb2-816d-b0d7b6df0452:59367a99-bfde-4f70-b5e5-832ee9678f94,GET,/timeline,{'unique_id': '3f1a4db6-d94e-4eb2-816d-b0d7b6df0452:59367a99-bfde-4f70-b5e5-832ee9678f94'},Request
265,0.04962040299869841,2026-06-15 20:41:39,,POST,/response,{},Request
266,0.10883338100393303,2026-06-15 20:41:40,3f1a4db6-d94e-4eb2-816d-b0d7b6df0452:59367a99-bfde-4f70-b5e5-832ee9678f94,GET,/timeline,{'unique_id': '3f1a4db6-d94e-4eb2-816d-b0d7b6df0452:59367a99-bfde-4f70-b5e5-832ee9678f94'},Request
267,0.050455741002224386,2026-06-15 20:41:40,,POST,/response,{},Request
268,0.10766360299749067,2026-06-15 20:41:40,3f1a4db6-d94e-4eb2-816d-b0d7b6df0452:59367a99-bfde-4f70-b5e5-832ee9678f94,GET,/timeline,{'unique_id': '3f1a4db6-d94e-4eb2-816d-b0d7b6df0452:59367a99-bfde-4f70-b5e5-832ee9678f94'},Request
269,0.02753906800353434,2026-06-15 20:41:40,,POST,/response,{},Request
270,0.10367793999466812,2026-06-15 20:41:40,3f1a4db6-d94e-4eb2-816d-b0d7b6df0452:59367a99-bfde-4f70-b5e5-832ee9678f94,GET,/timeline,{'unique_id': '3f1a4db6-d94e-4eb2-816d-b0d7b6df0452:59367a99-bfde-4f70-b5e5-832ee9678f94'},Request
271,0.009344673999294173,2026-06-15 20:41:40,,POST,/response,{},Request
272,0.10172841299936408,2026-06-15 20:41:40,3f1a4db6-d94e-4eb2-816d-b0d7b6df0452:59367a99-bfde-4f70-b5e5-832ee9678f94,GET,/timeline,{'unique_id': '3f1a4db6-d94e-4eb2-816d-b0d7b6df0452:59367a99-bfde-4f70-b5e5-832ee9678f94'},Request
273,0.009827294998103753,2026-06-15 20:41:40,,POST,/response,{},Request
274,0.10204253400297603,2026-06-15 20:41:40,3f1a4db6-d94e-4eb2-816d-b0d7b6df0452:59367a99-bfde-4f70-b5e5-832ee9678f94,GET,/timeline,{'unique_id': '3f1a4db6-d94e-4eb2-816d-b0d7b6df0452:59367a99-bfde-4f70-b5e5-832ee9678f94'},Request
275,0.038750019994040485,2026-06-15 20:41:40,,POST,/response,{},Request
276,0.10750191799888853,2026-06-15 20:41:40,0ee30601-1a24-4579-8b61-6bae117ae725:480289ec-2845-4acc-aecd-ec3e14c79c41,GET,/timeline,{'unique_id': '0ee30601-1a24-4579-8b61-6bae117ae725:480289ec-2845-4acc-aecd-ec3e14c79c41'},Request
277,0.04517713499808451,2026-06-15 20:41:40,,POST,/response,{},Request
278,0.10875690299872076,2026-06-15 20:41:40,0ee30601-1a24-4579-8b61-6bae117ae725:480289ec-2845-4acc-aecd-ec3e14c79c41,GET,/timeline,{'unique_id': '0ee30601-1a24-4579-8b61-6bae117ae725:480289ec-2845-4acc-aecd-ec3e14c79c41'},Request
279,0.04842106800060719,2026-06-15 20:41:41,,POST,/response,{},Request
280,0.10871105499973055,2026-06-15 20:41:41,0ee30601-1a24-4579-8b61-6bae117ae725:480289ec-2845-4acc-aecd-ec3e14c79c41,GET,/timeline,{'unique_id': '0ee30601-1a24-4579-8b61-6bae117ae725:480289ec-2845-4acc-aecd-ec3e14c79c41'},Request
281,0.04890521500055911,2026-06-15 20:41:41,,POST,/response,{},Request
282,0.10893817499891156,2026-06-15 20:41:41,0ee30601-1a24-4579-8b61-6bae117ae725:480289ec-2845-4acc-aecd-ec3e14c79c41,GET,/timeline,{'unique_id': '0ee30601-1a24-4579-8b61-6bae117ae725:480289ec-2845-4acc-aecd-ec3e14c79c41'},Request
283,0.05188101599924266,2026-06-15 20:41:41,,POST,/response,{},Request
284,0.10929823300102726,2026-06-15 20:41:41,0ee30601-1a24-4579-8b61-6bae117ae725:480289ec-2845-4acc-aecd-ec3e14c79c41,GET,/timeline,{'unique_id': '0ee30601-1a24-4579-8b61-6bae117ae725:480289ec-2845-4acc-aecd-ec3e14c79c41'},Request
285,0.029107672999089118,2026-06-15 20:41:41,,POST,/response,{},Request
286,0.10383995199663332,2026-06-15 20:41:41,0ee30601-1a24-4579-8b61-6bae117ae725:480289ec-2845-4acc-aecd-ec3e14c79c41,GET,/timeline,{'unique_id': '0ee30601-1a24-4579-8b61-6bae117ae725:480289ec-2845-4acc-aecd-ec3e14c79c41'},Request
287,0.009091977000935003,2026-06-15 20:41:41,,POST,/response,{},Request
288,0.10312556399730965,2026-06-15 20:41:41,0ee30601-1a24-4579-8b61-6bae117ae725:480289ec-2845-4acc-aecd-ec3e14c79c41,GET,/timeline,{'unique_id': '0ee30601-1a24-4579-8b61-6bae117ae725:480289ec-2845-4acc-aecd-ec3e14c79c41'},Request
289,0.008904829999664798,2026-06-15 20:41:41,,POST,/response,{},Request
290,0.10295187000156147,2026-06-15 20:41:41,0ee30601-1a24-4579-8b61-6bae117ae725:480289ec-2845-4acc-aecd-ec3e14c79c41,GET,/timeline,{'unique_id': '0ee30601-1a24-4579-8b61-6bae117ae725:480289ec-2845-4acc-aecd-ec3e14c79c41'},Request
291,0.039271557005122304,2026-06-15 20:41:41,,POST,/response,{},Request
292,0.10679689400421921,2026-06-15 20:41:42,be5b5df2-f14e-4f17-bd4f-0eff04d9466a:051131c6-6500-4adb-b2da-3af4c2660f7f,GET,/timeline,{'unique_id': 'be5b5df2-f14e-4f17-bd4f-0eff04d9466a:051131c6-6500-4adb-b2da-3af4c2660f7f'},Request
293,0.04603310600214172,2026-06-15 20:41:42,,POST,/response,{},Request
294,0.1087920589998248,2026-06-15 20:41:42,be5b5df2-f14e-4f17-bd4f-0eff04d9466a:051131c6-6500-4adb-b2da-3af4c2660f7f,GET,/timeline,{'unique_id': 'be5b5df2-f14e-4f17-bd4f-0eff04d9466a:051131c6-6500-4adb-b2da-3af4c2660f7f'},Request
295,0.049976648995652795,2026-06-15 20:41:42,,POST,/response,{},Request
296,0.11012103800021578,2026-06-15 20:41:42,be5b5df2-f14e-4f17-bd4f-0eff04d9466a:051131c6-6500-4adb-b2da-3af4c2660f7f,GET,/timeline,{'unique_id': 'be5b5df2-f14e-4f17-bd4f-0eff04d9466a:051131c6-6500-4adb-b2da-3af4c2660f7f'},Request
297,0.04926521699962905,2026-06-15 20:41:42,,POST,/response,{},Request
298,0.10758165000152076,2026-06-15 20:41:42,be5b5df2-f14e-4f17-bd4f-0eff04d9466a:051131c6-6500-4adb-b2da-3af4c2660f7f,GET,/timeline,{'unique_id': 'be5b5df2-f14e-4f17-bd4f-0eff04d9466a:051131c6-6500-4adb-b2da-3af4c2660f7f'},Request
299,0.045937384995340835,2026-06-15 20:41:42,,POST,/response,{},Request
300,0.10947878900333308,2026-06-15 20:41:42,be5b5df2-f14e-4f17-bd4f-0eff04d9466a:051131c6-6500-4adb-b2da-3af4c2660f7f,GET,/timeline,{'unique_id': 'be5b5df2-f14e-4f17-bd4f-0eff04d9466a:051131c6-6500-4adb-b2da-3af4c2660f7f'},Request
301,0.031001190000097267,2026-06-15 20:41:42,,POST,/response,{},Request
302,0.10324008099996718,2026-06-15 20:41:42,be5b5df2-f14e-4f17-bd4f-0eff04d9466a:051131c6-6500-4adb-b2da-3af4c2660f7f,GET,/timeline,{'unique_id': 'be5b5df2-f14e-4f17-bd4f-0eff04d9466a:051131c6-6500-4adb-b2da-3af4c2660f7f'},Request
303,0.008854318999510724,2026-06-15 20:41:42,,POST,/response,{},Request
304,0.10464149399922462,2026-06-15 20:41:43,be5b5df2-f14e-4f17-bd4f-0eff04d9466a:051131c6-6500-4adb-b2da-3af4c2660f7f,GET,/timeline,{'unique_id': 'be5b5df2-f14e-4f17-bd4f-0eff04d9466a:051131c6-6500-4adb-b2da-3af4c2660f7f'},Request
305,0.01063317100488348,2026-06-15 20:41:43,,POST,/response,{},Request
306,0.10756340200168779,2026-06-15 20:41:43,be5b5df2-f14e-4f17-bd4f-0eff04d9466a:051131c6-6500-4adb-b2da-3af4c2660f7f,GET,/timeline,{'unique_id': 'be5b5df2-f14e-4f17-bd4f-0eff04d9466a:051131c6-6500-4adb-b2da-3af4c2660f7f'},Request
